row;response_code;duration
1;200;0.8960738182067871
2;200;0.9215250015258789
3;200;0.5122940540313721
4;200;0.36069297790527344
5;200;0.9720499515533447
6;200;0.7746779918670654
7;200;2.0903167724609375
8;200;1.019481897354126
9;200;2.0527000427246094
10;200;1.0238738059997559
11;200;2.1501739025115967
12;200;1.0097851753234863
13;200;1.9596540927886963
14;200;0.5119898319244385
15;200;1.331131935119629
16;200;0.6143100261688232
17;200;1.5330069065093994
18;200;0.47493481636047363
19;200;2.415493965148926
20;200;0.6964430809020996
21;200;0.35201501846313477
22;200;0.41677284240722656
23;200;0.7669777870178223
24;200;0.3291149139404297
25;200;0.29190492630004883
26;200;0.3466801643371582
27;200;1.182649850845337
28;200;0.3446319103240967
29;200;0.3918619155883789
30;200;1.067730188369751
31;200;1.0632269382476807
32;200;0.31204891204833984
33;200;0.3230619430541992
34;200;0.4676249027252197
35;200;0.7392668724060059
36;200;0.513084888458252
37;200;0.36512112617492676
38;200;0.6584019660949707
39;200;0.3763158321380615
40;200;0.6519222259521484
41;200;0.44852399826049805
42;200;0.7478008270263672
43;200;1.5690529346466064
44;200;1.3142058849334717
45;200;0.4049201011657715
46;200;2.024527072906494
47;200;0.7532858848571777
48;200;1.1852920055389404
49;200;1.0525922775268555
50;200;0.7172400951385498
51;200;1.3951239585876465
52;200;0.786937952041626
53;200;1.2471752166748047
54;200;0.8001658916473389
55;200;1.9119369983673096
56;200;0.9714598655700684
57;200;1.121492862701416
58;200;5.5323240756988525
59;200;0.5967402458190918
60;200;0.7002592086791992
61;200;0.9900140762329102
62;200;0.9550137519836426
63;200;1.4008290767669678
64;200;0.6669528484344482
65;200;1.073800802230835
66;200;1.0544393062591553
67;200;0.9400351047515869
68;200;1.0093498229980469
69;200;0.9893369674682617
70;200;1.4307751655578613
71;200;1.3883681297302246
72;200;0.6169238090515137
73;200;0.5950870513916016
74;200;1.0878379344940186
75;200;0.5273728370666504
76;200;0.4008359909057617
77;200;0.3976929187774658
78;200;0.8259592056274414
79;200;0.6173298358917236
80;200;0.4198453426361084
81;200;0.6764559745788574
82;200;1.1525819301605225
83;200;0.7167501449584961
84;200;0.5121221542358398
85;200;0.6988327503204346
86;200;1.055483102798462
87;200;1.1128268241882324
88;200;0.8188679218292236
89;200;1.127206802368164
90;200;1.0613980293273926
91;200;0.7740278244018555
92;200;1.4404361248016357
93;200;0.5118651390075684
94;200;1.1262991428375244
95;200;1.3131420612335205
96;200;1.0421240329742432
97;200;0.6479012966156006
98;200;1.0925209522247314
99;200;0.958050012588501
100;200;0.9874968528747559
101;200;0.7296209335327148
102;200;2.523371934890747
103;200;0.5226750373840332
104;200;2.3274099826812744
105;200;1.8892078399658203
106;200;0.9871869087219238
107;200;0.9920492172241211
108;200;0.8697688579559326
109;200;1.1062977313995361
110;200;0.8516638278961182
111;200;1.1505768299102783
112;200;1.1298236846923828
113;200;0.8294787406921387
114;200;0.873751163482666
115;200;1.0853850841522217
116;200;1.614389181137085
117;200;0.5655221939086914
118;200;0.9945878982543945
119;200;1.3428049087524414
120;200;1.1269221305847168
121;200;0.5859363079071045
122;200;0.9716808795928955
123;200;0.8817191123962402
124;200;0.8561511039733887
125;200;1.113879919052124
126;200;0.8965990543365479
127;200;1.3946568965911865
128;200;0.7937037944793701
129;200;0.8205173015594482
130;200;1.069998025894165
131;200;1.1194992065429688
132;200;0.8411359786987305
133;200;1.0811829566955566
134;200;1.0618796348571777
135;200;2.6726787090301514
136;200;0.5035350322723389
137;200;1.7419748306274414
138;200;1.188601016998291
139;200;0.4997270107269287
140;200;0.5880827903747559
141;200;0.7712881565093994
142;200;0.8781039714813232
143;200;0.4331398010253906
144;200;0.6781220436096191
145;200;0.5341660976409912
146;200;0.446918249130249
147;200;0.6316637992858887
148;200;0.5438499450683594
149;200;0.4718363285064697
150;200;0.5123939514160156
151;200;0.7540268898010254
152;200;1.192256212234497
153;200;0.5168888568878174
154;200;0.434492826461792
155;200;2.1733620166778564
156;200;0.6801960468292236
157;200;0.6205768585205078
158;200;0.4906759262084961
159;200;1.103287696838379
160;200;0.7282838821411133
161;200;0.5497369766235352
162;200;0.4124910831451416
163;200;1.0688929557800293
164;200;1.0181739330291748
165;200;0.991809606552124
166;200;1.4207842350006104
167;200;0.9971010684967041
168;200;1.2152431011199951
169;200;0.5144181251525879
170;200;0.8017418384552002
171;200;1.1343998908996582
172;200;1.6404829025268555
173;200;0.9738729000091553
174;200;0.41878223419189453
175;200;1.293064832687378
176;200;0.8336489200592041
177;200;0.8218441009521484
178;200;1.1089909076690674
179;200;0.7059619426727295
180;200;1.0715961456298828
181;200;1.1147079467773438
182;200;1.1653289794921875
183;200;0.7766931056976318
184;200;1.2526803016662598
185;200;0.9353601932525635
186;200;0.7458558082580566
187;200;1.1215267181396484
188;200;1.3957970142364502
189;200;1.5086159706115723
190;200;0.44890594482421875
191;200;0.8115067481994629
192;200;0.43479299545288086
193;200;0.41523194313049316
194;200;0.40994882583618164
195;200;0.39024996757507324
196;200;0.5726711750030518
197;200;0.706456184387207
198;200;0.5152289867401123
199;200;0.3976562023162842
200;200;0.48191261291503906
201;200;0.43715381622314453
202;200;0.44879794120788574
203;200;0.8749990463256836
204;200;0.6736791133880615
205;200;0.537165641784668
206;200;0.5300829410552979
207;200;1.0980989933013916
208;200;0.47609496116638184
209;200;0.3900289535522461
210;200;0.7727138996124268
211;200;0.7487967014312744
212;200;0.5560910701751709
213;200;1.6221048831939697
214;200;0.9577641487121582
215;200;0.4545259475708008
216;200;0.4722621440887451
217;200;0.4561588764190674
218;200;0.39162302017211914
219;200;0.7236862182617188
220;200;0.5179738998413086
221;200;0.430178165435791
222;200;0.5260200500488281
223;200;0.49195384979248047
224;200;0.7051348686218262
225;200;0.5642943382263184
226;200;0.702592134475708
227;200;1.2571382522583008
228;200;0.6716737747192383
229;200;0.81355881690979
230;200;1.1250741481781006
231;200;1.9936277866363525
232;200;0.5087549686431885
233;200;0.47017526626586914
234;200;2.394284963607788
235;200;0.5837249755859375
236;200;0.701197624206543
237;200;1.498119831085205
238;200;0.8292868137359619
239;200;1.0960969924926758
240;200;1.21244478225708
241;200;0.7463400363922119
242;200;1.0612468719482422
243;200;1.0731980800628662
244;200;0.8766558170318604
245;200;0.7243149280548096
246;200;0.9209270477294922
247;200;1.534625768661499
248;200;0.890521764755249
249;200;2.358182907104492
250;200;0.509314775466919
251;200;0.5053858757019043
252;200;1.6702029705047607
253;200;0.47598886489868164
254;200;1.4033162593841553
255;200;0.4493560791015625
256;200;1.6254019737243652
257;200;0.40585875511169434
258;200;1.6657509803771973
259;200;0.601269006729126
260;200;1.3828351497650146
261;200;0.8691649436950684
262;200;1.1238558292388916
263;200;0.5843961238861084
264;200;0.48172807693481445
265;200;2.7336409091949463
266;200;0.509192943572998
267;200;0.410797119140625
268;200;0.5346980094909668
269;200;0.7978181838989258
270;200;0.7815229892730713
271;200;0.6588659286499023
272;200;0.39628124237060547
273;200;0.42954015731811523
274;200;0.6939568519592285
275;200;0.43434810638427734
276;200;0.43648695945739746
277;200;0.4458601474761963
278;200;0.42092299461364746
279;200;0.6422078609466553
280;200;0.47809791564941406
281;200;0.5418360233306885
282;200;0.42340826988220215
283;200;0.8000268936157227
284;200;0.49556803703308105
285;200;1.6255149841308594
286;200;1.2169358730316162
287;200;0.6053810119628906
288;200;0.48668980598449707
289;200;2.1293699741363525
290;200;0.6469178199768066
291;200;0.44116711616516113
292;200;0.7517619132995605
293;200;0.8032882213592529
294;200;0.44504308700561523
295;200;1.0571980476379395
296;200;0.5822110176086426
297;200;1.3407058715820312
298;200;0.7851531505584717
299;200;0.848991870880127
300;200;1.2006099224090576
301;200;1.2060210704803467
302;200;0.9550671577453613
303;200;2.8902368545532227
304;200;1.4742400646209717
305;200;1.5962092876434326
306;200;2.7104058265686035
307;200;1.6504042148590088
308;200;5.849369049072266
309;200;2.390033006668091
310;200;3.374891757965088
311;200;1.9619619846343994
312;200;1.9152278900146484
313;200;1.0092511177062988
314;200;2.13594126701355
315;200;1.2934658527374268
316;200;2.058684825897217
317;200;0.5548269748687744
318;200;4.077926158905029
319;200;0.5685141086578369
320;200;1.1917459964752197
321;200;3.03942608833313
322;200;1.128911018371582
323;200;0.8493740558624268
324;200;1.01676607131958
325;200;0.9605703353881836
326;200;0.9682779312133789
327;200;1.059211015701294
328;200;1.1949818134307861
329;200;0.9187078475952148
330;200;1.0522561073303223
331;200;2.5966808795928955
332;200;0.7513589859008789
333;200;1.4688429832458496
334;200;2.0227320194244385
335;200;0.4600369930267334
336;200;1.3954763412475586
337;200;0.6408267021179199
338;200;1.316805124282837
339;200;0.43769192695617676
340;200;1.6483428478240967
341;200;0.4861631393432617
342;200;1.3940129280090332
343;200;0.4642338752746582
344;200;2.283036708831787
345;200;1.172313928604126
346;200;0.5116569995880127
347;200;0.8795771598815918
348;200;0.7201600074768066
349;200;0.5468051433563232
350;200;0.4337491989135742
351;200;0.4365222454071045
352;200;0.8326570987701416
353;200;0.4331068992614746
354;200;0.40857791900634766
355;200;0.4135620594024658
356;200;0.4284090995788574
357;200;0.47628092765808105
358;200;0.7828049659729004
359;200;0.49550390243530273
360;200;0.39889097213745117
361;200;0.43819427490234375
362;200;0.4567759037017822
363;200;0.46125173568725586
364;200;0.9152231216430664
365;200;0.6145260334014893
366;200;0.6882491111755371
367;200;0.4125523567199707
368;200;1.0191311836242676
369;200;1.0942890644073486
370;200;1.5062737464904785
371;200;0.7225131988525391
372;200;0.7031440734863281
373;200;0.5520129203796387
374;200;0.8063490390777588
375;200;0.738713264465332
376;200;0.5374329090118408
377;200;1.453909158706665
378;200;0.376802921295166
379;200;1.397580862045288
380;200;0.41936826705932617
381;200;1.6954801082611084
382;200;0.4750368595123291
383;200;1.94461989402771
384;200;0.6537902355194092
385;200;1.1033039093017578
386;200;1.0173170566558838
387;200;1.713541030883789
388;200;0.5298991203308105
389;200;1.695481300354004
390;200;0.7404119968414307
391;200;1.0159580707550049
392;200;1.0477690696716309
393;200;1.0455851554870605
394;200;1.0482101440429688
395;200;1.0832951068878174
396;200;0.795896053314209
397;200;1.0313169956207275
398;200;0.45241785049438477
399;200;0.6962859630584717
400;200;0.4745049476623535
401;200;0.44769716262817383
402;200;0.41222095489501953
403;200;0.7688980102539062
404;200;1.2487380504608154
405;200;0.92635178565979
406;200;0.39252662658691406
407;200;0.3733842372894287
408;200;1.0539507865905762
409;200;0.714540958404541
410;200;0.41678690910339355
411;200;0.8122799396514893
412;200;0.7174720764160156
413;200;0.5113959312438965
414;200;0.9217290878295898
415;200;0.812025785446167
416;200;0.6092140674591064
417;200;0.3875448703765869
418;200;0.6059563159942627
419;200;0.7470531463623047
420;200;1.7416222095489502
421;200;0.8540928363800049
422;200;1.3054239749908447
423;200;0.8170051574707031
424;200;2.7589170932769775
425;200;0.6130690574645996
426;200;1.3337068557739258
427;200;2.0446677207946777
428;200;0.7173337936401367
429;200;1.431199073791504
430;200;0.6146891117095947
431;200;1.4326121807098389
432;200;0.6144521236419678
433;200;1.4338657855987549
434;200;2.1499741077423096
435;200;0.615919828414917
436;200;1.2501170635223389
437;200;2.70339298248291
438;200;0.41682004928588867
439;200;1.6794021129608154
440;200;0.7165088653564453
441;200;1.3342640399932861
442;200;0.37956690788269043
443;200;1.6642088890075684
444;200;0.41970300674438477
445;200;1.7306241989135742
446;200;0.3615438938140869
447;200;1.481590986251831
448;200;0.42346715927124023
449;200;1.7268388271331787
450;200;2.3741302490234375
451;200;0.3586418628692627
452;200;0.6465039253234863
453;200;0.3439021110534668
454;200;0.4195420742034912
455;200;0.772352933883667
456;200;0.5121679306030273
457;200;0.9132742881774902
458;200;0.6960279941558838
459;200;0.8483741283416748
460;200;1.0240631103515625
461;200;1.0243878364562988
462;200;0.9914298057556152
463;200;1.056372880935669
464;200;0.716843843460083
465;200;1.02372407913208
466;200;1.0236468315124512
467;200;1.022515058517456
468;200;0.4347050189971924
469;200;1.536552906036377
470;200;1.401266098022461
471;200;0.725255012512207
472;200;0.31395721435546875
473;200;0.7139370441436768
474;200;0.36933302879333496
475;200;0.41222405433654785
476;200;0.4424617290496826
477;200;0.9449779987335205
478;200;0.8193488121032715
479;200;0.5414350032806396
480;200;0.48221802711486816
481;200;0.8190889358520508
482;200;0.7578151226043701
483;200;0.6051292419433594
484;200;1.096642017364502
485;200;1.4319419860839844
486;200;1.1271140575408936
487;200;2.2114789485931396
488;200;1.7841930389404297
489;200;0.6106350421905518
490;200;1.4334421157836914
491;200;2.049114942550659
492;200;1.2287280559539795
493;200;1.9594922065734863
494;200;1.0086872577667236
495;200;2.0479438304901123
496;200;0.9252328872680664
497;200;2.045088052749634
498;200;2.4572718143463135
499;200;0.7165968418121338
500;200;1.7406938076019287
501;200;0.9224770069122314
502;200;2.0484111309051514
503;200;0.8178491592407227
504;200;2.0485119819641113
505;200;0.7164342403411865
506;200;1.4333620071411133
507;200;0.44112491607666016
508;200;1.4079537391662598
509;200;0.5063738822937012
510;200;2.580305814743042
511;200;1.4110538959503174
512;200;0.36894726753234863
513;200;0.5534327030181885
514;200;0.819432258605957
515;200;0.5124359130859375
516;200;0.6143910884857178
517;200;1.0243110656738281
518;200;1.0238690376281738
519;200;0.6144530773162842
520;200;1.1508889198303223
521;200;0.8181910514831543
522;200;1.1044068336486816
523;200;0.8154599666595459
524;200;1.3455307483673096
525;200;1.12489914894104
526;200;3.151780128479004
527;200;0.4200718402862549
528;200;0.4621148109436035
529;200;1.7915058135986328
530;200;0.7168431282043457
531;200;1.1264009475708008
532;200;2.048804998397827
533;200;1.1244878768920898
534;200;0.7185831069946289
535;200;1.048058032989502
536;200;1.1054167747497559
537;200;1.1221058368682861
538;200;0.8196349143981934
539;200;1.1263370513916016
540;200;0.7903058528900146
541;200;1.8720099925994873
542;200;1.0228970050811768
543;200;1.2288882732391357
544;200;1.126682996749878
545;200;0.7155499458312988
546;200;0.453096866607666
547;200;1.6999921798706055
548;200;1.337895154953003
549;200;0.45937681198120117
550;200;1.170870065689087
551;200;1.0235459804534912
552;200;1.127690076828003
553;200;1.028090000152588
554;200;1.2078542709350586
555;200;2.473585844039917
556;200;0.613314151763916
557;200;1.4351720809936523
558;200;1.126953363418579
559;200;1.12652587890625
560;200;0.8170950412750244
561;200;1.1275420188903809
562;200;0.8190550804138184
563;200;1.1258537769317627
564;200;1.1263160705566406
565;200;0.7177829742431641
566;200;1.0236878395080566
567;200;1.1262962818145752
568;200;1.1261639595031738
569;200;2.4579360485076904
570;200;0.5121111869812012
571;200;0.4635021686553955
572;200;0.6630339622497559
573;200;0.7170901298522949
574;200;0.4331247806549072
575;200;0.4272580146789551
576;200;0.9815139770507812
577;200;0.6153008937835693
578;200;0.4172332286834717
579;200;0.4472639560699463
580;200;0.8760149478912354
581;200;0.6131703853607178
582;200;0.5567271709442139
583;200;0.5710611343383789
584;200;1.1248140335083008
585;200;0.3656902313232422
586;200;0.41627025604248047
587;200;0.5498049259185791
588;200;0.4291830062866211
589;200;0.45374512672424316
590;200;0.7557089328765869
591;200;0.4191269874572754
592;200;0.41552305221557617
593;200;0.35875916481018066
594;200;1.4396390914916992
595;200;1.0214998722076416
596;200;1.43265700340271
597;200;1.0223138332366943
598;200;0.7175459861755371
599;200;0.6151409149169922
600;200;0.35521507263183594
601;200;1.179495096206665
602;200;0.7159619331359863
603;200;0.6156268119812012
604;200;0.8250391483306885
605;200;0.8176171779632568
606;200;0.5123143196105957
607;200;0.6144459247589111
608;200;0.41369104385375977
609;200;0.6101179122924805
610;200;0.36983609199523926
611;200;0.3995399475097656
612;200;0.561776876449585
613;200;0.33370018005371094
614;200;0.5890822410583496
615;200;0.6140439510345459
616;200;0.8242142200469971
617;200;1.4705212116241455
618;200;1.8009099960327148
619;200;0.5112409591674805
620;200;1.434751033782959
621;200;0.6132750511169434
622;200;1.432969093322754
623;200;0.6149570941925049
624;200;0.7200558185577393
625;200;0.6065328121185303
626;200;1.1306848526000977
627;200;0.7121150493621826
628;200;1.1263902187347412
629;200;1.3327207565307617
630;200;1.1273469924926758
631;200;0.6136999130249023
632;200;1.34816312789917
633;200;1.5179519653320312
634;200;0.5146141052246094
635;200;1.9426259994506836
636;200;1.9466009140014648
637;200;0.6134397983551025
638;200;2.048654079437256
639;200;2.047250986099243
640;200;1.1290700435638428
641;200;0.8158531188964844
642;200;1.0237979888916016
643;200;1.342994213104248
644;200;1.3283190727233887
645;200;1.1205871105194092
646;200;2.560967206954956
647;200;0.7188129425048828
648;200;1.0219142436981201
649;200;0.8042969703674316
650;200;1.3492639064788818
651;200;0.815666913986206
652;200;0.7167890071868896
653;200;1.126725196838379
654;200;1.332878828048706
655;200;0.713454008102417
656;200;1.1267051696777344
657;200;0.8190751075744629
658;200;1.4291388988494873
659;200;1.3392560482025146
660;200;0.5077283382415771
661;200;1.8481740951538086
662;200;1.1254477500915527
663;200;0.9176137447357178
664;200;1.5340867042541504
665;200;0.6145751476287842
666;200;1.0271809101104736
667;200;1.0205886363983154
668;200;1.228759765625
669;200;0.6143157482147217
670;200;1.1286687850952148
671;200;1.1235630512237549
672;200;1.2318408489227295
673;200;2.147688388824463
674;200;0.5137777328491211
675;200;2.970081090927124
676;200;2.9726312160491943
677;200;1.0244841575622559
678;200;3.1793110370635986
679;200;0.928408145904541
680;200;3.0787250995635986
681;200;1.5313048362731934
682;200;2.972520351409912
683;200;2.9713551998138428
684;200;1.0243992805480957
685;200;1.945786714553833
686;200;1.024590015411377
687;200;1.024303913116455
688;200;1.0240528583526611
689;200;1.0244832038879395
690;200;1.0367798805236816
691;200;1.6258609294891357
692;200;0.3509862422943115
693;200;1.0817630290985107
694;200;0.7174520492553711
695;200;0.8195419311523438
696;200;0.5126581192016602
697;200;1.1266932487487793
698;200;0.7169849872589111
699;200;0.614631175994873
700;200;1.4210779666900635
701;200;0.9935710430145264
702;200;1.001784086227417
703;200;0.9872570037841797
704;200;1.1251299381256104
705;200;0.7184057235717773
706;200;1.126579999923706
707;200;1.0260951519012451
708;200;1.0628352165222168
709;200;1.0856988430023193
710;200;0.7161228656768799
711;200;1.016489028930664
712;200;1.1253747940063477
713;200;1.1275031566619873
714;200;0.8252339363098145
715;200;0.6146371364593506
716;200;0.3905029296875
717;200;0.6306707859039307
718;200;0.5142009258270264
719;200;0.6139609813690186
720;200;0.6149611473083496
721;200;0.8189811706542969
722;200;0.8189501762390137
723;200;1.1266207695007324
724;200;1.1266729831695557
725;200;0.7166671752929688
726;200;0.6194009780883789
727;200;1.024204969406128
728;200;0.9685859680175781
729;200;0.3439791202545166
730;200;0.3467559814453125
731;200;0.7936141490936279
732;200;0.418773889541626
733;200;0.3697848320007324
734;200;0.37389683723449707
735;200;0.68070387840271
736;200;0.511948823928833
737;200;0.8413450717926025
738;200;0.42242884635925293
739;200;0.4393298625946045
740;200;0.44506096839904785
741;200;0.8424880504608154
742;200;0.38922810554504395
743;200;0.3819890022277832
744;200;0.7662718296051025
745;200;1.0221571922302246
746;200;0.717087984085083
747;200;0.511091947555542
748;200;0.6151111125946045
749;200;0.39371299743652344
750;200;0.7324228286743164
751;200;1.1272048950195312
752;200;0.5272951126098633
753;200;2.032442092895508
754;200;0.39554905891418457
755;200;0.3752598762512207
756;200;0.7653586864471436
757;200;0.34504175186157227
758;200;0.33489012718200684
759;200;0.40465688705444336
760;200;0.861130952835083
761;200;0.6143150329589844
762;200;0.4098832607269287
763;200;0.5128109455108643
764;200;0.4070420265197754
765;200;0.615882158279419
766;200;1.4338617324829102
767;200;0.4332578182220459
768;200;1.739490032196045
769;200;0.6855039596557617
770;200;1.2374310493469238
771;200;2.1615219116210938
772;200;2.4725558757781982
773;200;0.587805986404419
774;200;1.8432559967041016
775;200;0.8196089267730713
776;200;1.5358819961547852
777;200;0.7163598537445068
778;200;0.8192389011383057
779;200;0.9216768741607666
780;200;2.18337082862854
781;200;0.889549732208252
782;200;1.8213920593261719
783;200;3.4002931118011475
784;200;0.5113720893859863
785;200;1.356200933456421
786;200;1.7162699699401855
787;200;1.126993179321289
788;200;1.1258018016815186
789;200;0.8189389705657959
790;200;1.2306790351867676
791;200;0.9197530746459961
792;200;0.9218511581420898
793;200;2.458754062652588
794;200;0.7169740200042725
795;200;0.8182270526885986
796;200;2.1467108726501465
797;200;0.3961300849914551
798;200;0.3437817096710205
799;200;1.0043668746948242
800;200;1.339893102645874
801;200;0.8114638328552246
802;200;0.9202806949615479
803;200;1.0240740776062012
804;200;1.0237948894500732
805;200;1.0241711139678955
806;200;1.0245399475097656
807;200;0.8191449642181396
808;200;0.3935821056365967
809;200;0.7326021194458008
810;200;0.3807849884033203
811;200;0.3745138645172119
812;200;0.4089798927307129
813;200;0.6784272193908691
814;200;0.7176659107208252
815;200;0.6147210597991943
816;200;2.9692299365997314
817;200;0.45244288444519043
818;200;0.5716290473937988
819;200;0.819267988204956
820;200;1.1257851123809814
821;200;0.40534234046936035
822;200;0.41007399559020996
823;200;0.5160031318664551
824;200;0.3838629722595215
825;200;0.5377142429351807
826;200;0.4419989585876465
827;200;0.5817520618438721
828;200;0.6166059970855713
829;200;0.8169491291046143
830;200;1.0240890979766846
831;200;2.048133134841919
832;200;1.1259992122650146
833;200;1.1277451515197754
834;200;2.521982192993164
835;200;0.41265106201171875
836;200;0.730072021484375
837;200;1.023529052734375
838;200;0.6146450042724609
839;200;0.38445162773132324
840;200;0.6391706466674805
841;200;0.39344000816345215
842;200;0.3878910541534424
843;200;0.7550547122955322
844;200;0.5120000839233398
845;200;0.41304492950439453
846;200;0.5078568458557129
847;200;0.3741469383239746
848;200;0.6503159999847412
849;200;0.6147840023040771
850;200;0.6137397289276123
851;200;0.3698601722717285
852;200;1.1661057472229004
853;200;0.8192031383514404
854;200;0.6139688491821289
855;200;0.4218790531158447
856;200;0.9100821018218994
857;200;2.9690520763397217
858;200;0.7167479991912842
859;200;0.8194072246551514
860;200;1.4336071014404297
861;200;1.126723051071167
862;200;0.8188159465789795
863;200;1.0242938995361328
864;200;1.1185050010681152
865;200;0.9377310276031494
866;200;1.1248540878295898
867;200;0.716806173324585
868;200;1.1261379718780518
869;200;1.1267452239990234
870;200;0.8192391395568848
871;200;1.1496620178222656
872;200;1.6647558212280273
873;200;0.4260671138763428
874;200;1.675339698791504
875;200;1.02736496925354
876;200;1.1222150325775146
877;200;1.1261119842529297
878;200;0.8197870254516602
879;200;1.125838041305542
880;200;1.1265482902526855
881;200;0.7166421413421631
882;200;1.0242929458618164
883;200;1.4335567951202393
884;200;0.8196761608123779
885;200;0.921626091003418
886;200;1.0144109725952148
887;200;1.1395220756530762
888;200;0.8149378299713135
889;200;1.5392699241638184
890;200;0.47805213928222656
891;200;0.9524059295654297
892;200;1.3368310928344727
893;200;0.9157190322875977
894;200;0.9215490818023682
895;200;1.1263642311096191
896;200;1.0252339839935303
897;200;1.7397489547729492
898;200;1.0241620540618896
899;200;2.1715548038482666
900;200;1.938720941543579
901;200;1.8287889957427979
902;200;2.355126142501831
903;200;1.8428199291229248
904;200;1.7411730289459229
905;200;1.4337959289550781
906;200;2.050374746322632
907;200;0.7136578559875488
908;200;1.8435750007629395
909;200;1.350059986114502
910;200;0.679412841796875
911;200;1.0425760746002197
912;200;1.3359649181365967
913;200;0.7118082046508789
914;200;1.1268432140350342
915;200;1.3351140022277832
916;200;1.4292259216308594
917;200;1.1347308158874512
918;200;3.0565690994262695
919;200;1.127087116241455
920;200;2.162519931793213
921;200;1.359748125076294
922;200;0.9829089641571045
923;200;3.0720298290252686
924;200;1.1265242099761963
925;200;2.2524800300598145
926;200;0.8194630146026611
927;200;1.8427059650421143
928;200;1.1267731189727783
929;200;1.740584135055542
930;200;1.1261849403381348
931;200;2.075472831726074
932;200;0.5869147777557373
933;200;1.4334850311279297
934;200;0.41430091857910156
935;200;1.4271018505096436
936;200;0.3633129596710205
937;200;1.6867718696594238
938;200;0.5119211673736572
939;200;1.4337890148162842
940;200;0.819000244140625
941;200;0.5121111869812012
942;200;0.71710205078125
943;200;1.0235819816589355
944;200;0.6144430637359619
945;200;0.7193160057067871
946;200;0.6120858192443848
947;200;0.6159708499908447
948;200;0.5112640857696533
949;200;1.1022679805755615
950;200;1.4575080871582031
951;200;0.6143128871917725
952;200;0.8192729949951172
953;200;0.9217331409454346
954;200;1.2290270328521729
955;200;1.126310110092163
956;200;1.2291860580444336
957;200;1.023711919784546
958;200;1.4335870742797852
959;200;0.8191871643066406
960;200;4.095921754837036
961;200;2.0609538555145264
962;200;1.0107877254486084
963;200;2.1503140926361084
964;200;1.024245023727417
965;200;0.9213409423828125
966;200;0.9211301803588867
967;200;0.92234206199646
968;200;1.125959873199463
969;200;1.229490041732788
970;200;0.8190109729766846
971;200;0.7163019180297852
972;200;1.0244028568267822
973;200;1.0245330333709717
974;200;1.12553071975708
975;200;1.4509696960449219
976;200;1.3817591667175293
977;200;0.44460582733154297
978;200;1.842890977859497
979;200;0.40914297103881836
980;200;1.3440990447998047
981;200;0.6087250709533691
982;200;0.5006680488586426
983;200;0.7163829803466797
984;200;0.7167479991912842
985;200;0.41062402725219727
986;200;1.3336718082427979
987;200;0.7133710384368896
988;200;0.716555118560791
989;200;0.3783900737762451
990;200;1.1577122211456299
991;200;0.5120480060577393
992;200;0.37580275535583496
993;200;1.278146743774414
994;error;37.94843602180481
995;200;1.4171390533447266
996;200;0.5978469848632812
997;200;1.698296070098877
998;200;1.1253931522369385
999;200;0.8231749534606934
1000;200;1.1241271495819092
1001;200;0.7191472053527832
1002;200;0.8155887126922607
1003;200;0.5108389854431152
1004;200;1.0679421424865723
1005;200;1.902529001235962
1006;200;1.0202760696411133
1007;200;0.8193740844726562
1008;200;1.3684661388397217
1009;200;0.7820000648498535
1010;200;1.0240068435668945
1011;200;1.131011962890625
1012;200;0.8130519390106201
1013;200;1.126446008682251
1014;200;1.0239489078521729
1015;200;0.8191981315612793
1016;200;1.4400289058685303
1017;200;1.4342319965362549
1018;200;0.8119170665740967
1019;200;3.2768871784210205
1020;200;1.4336349964141846
1021;200;0.7167279720306396
1022;200;1.6383111476898193
1023;200;0.9217438697814941
1024;200;1.7407591342926025
1025;200;0.8190498352050781
1026;200;1.2288098335266113
1027;200;0.511986255645752
1028;200;1.1266229152679443
1029;200;0.7692337036132812
1030;200;1.381005048751831
1031;200;0.9214990139007568
1032;200;0.921759843826294
1033;200;1.2288336753845215
1034;200;0.819037914276123
1035;200;0.9216978549957275
1036;200;1.2295138835906982
1037;200;0.9211797714233398
1038;200;0.7162008285522461
1039;200;1.4337761402130127
1040;200;1.3342680931091309
1041;200;0.9183366298675537
1042;200;1.2288577556610107
1043;200;0.6142170429229736
1044;200;1.6694209575653076
1045;200;1.1977620124816895
1046;200;0.7207770347595215
1047;200;0.8193690776824951
1048;200;1.0198919773101807
1049;200;1.126727819442749
1050;200;1.1260170936584473
1051;200;0.71675705909729
1052;200;1.0240447521209717
1053;200;1.0241508483886719
1054;200;1.3707246780395508
1055;200;0.7795400619506836
1056;200;1.1262338161468506
1057;200;0.356975793838501
1058;200;0.4622068405151367
1059;200;0.6145222187042236
1060;200;0.336777925491333
1061;200;0.7896509170532227
1062;200;0.40950918197631836
1063;200;0.8701801300048828
1064;200;0.9040341377258301
1065;200;0.6444799900054932
1066;200;0.37320566177368164
1067;200;0.5872976779937744
1068;200;0.6142399311065674
1069;200;0.38033580780029297
1070;200;0.3552439212799072
1071;200;0.4935417175292969
1072;200;0.5114719867706299
1073;200;0.6146140098571777
1074;200;0.39725208282470703
1075;200;0.524277925491333
1076;200;0.6143028736114502
1077;200;0.5118999481201172
1078;200;0.5119500160217285
1079;200;0.6143832206726074
1080;200;1.3330130577087402
1081;200;2.0463969707489014
1082;200;0.3500537872314453
1083;200;1.6978728771209717
1084;200;0.5118510723114014
1085;200;0.400676965713501
1086;200;0.47640323638916016
1087;200;1.8004636764526367
1088;200;0.3518409729003906
1089;200;0.3433358669281006
1090;200;0.8255040645599365
1091;200;1.023906946182251
1092;200;0.3385741710662842
1093;200;0.7879040241241455
1094;200;0.3664970397949219
1095;200;0.7599186897277832
1096;200;0.35120511054992676
1097;200;0.3550379276275635
1098;200;0.36270809173583984
1099;200;0.7740368843078613
1100;200;0.5159721374511719
1101;200;0.40125608444213867
1102;200;0.3893561363220215
1103;200;0.6390330791473389
1104;200;0.6142330169677734
1105;200;0.38262081146240234
1106;200;0.5389587879180908
1107;200;0.5118911266326904
1108;200;0.5119979381561279
1109;200;0.370358943939209
1110;200;0.5512449741363525
1111;200;0.8191139698028564
1112;200;0.6146492958068848
1113;200;0.321638822555542
1114;200;0.9247772693634033
1115;200;1.7230842113494873
1116;200;0.6142411231994629
1117;200;0.8192861080169678
1118;200;0.8191070556640625
1119;200;1.0238149166107178
1120;200;1.0242791175842285
1121;200;1.2295739650726318
1122;200;0.7156932353973389
1123;200;1.0243980884552002
1124;200;1.1261072158813477
1125;200;0.7168319225311279
1126;200;1.023874044418335
1127;200;1.0241191387176514
1128;200;1.023970127105713
1129;200;1.0239901542663574
1130;200;1.0414531230926514
1131;200;1.0310869216918945
1132;200;0.6926970481872559
1133;200;0.3916351795196533
1134;200;0.7342941761016846
1135;200;0.9850130081176758
1136;200;0.44094228744506836
1137;200;0.7243242263793945
1138;200;0.39359426498413086
1139;200;0.34499406814575195
1140;200;0.35735607147216797
1141;200;0.7470448017120361
1142;200;0.3556368350982666
1143;200;0.7708947658538818
1144;200;0.38121891021728516
1145;200;0.7449779510498047
1146;200;0.35804319381713867
1147;200;0.3459010124206543
1148;200;0.3802947998046875
1149;200;0.7591419219970703
1150;200;0.7165870666503906
1151;200;0.36234498023986816
1152;200;1.0714988708496094
1153;200;0.8187849521636963
1154;200;0.8192529678344727
1155;200;0.7523400783538818
1156;200;1.0250277519226074
1157;200;0.9873242378234863
1158;200;0.4163551330566406
1159;200;1.119642972946167
1160;200;1.0239589214324951
1161;200;1.1265480518341064
1162;200;0.8189382553100586
1163;200;1.4336259365081787
1164;200;0.6142935752868652
1165;200;1.037437915802002
1166;200;0.703402042388916
1167;200;1.2296042442321777
1168;200;1.0230669975280762
1169;200;1.536027193069458
1170;200;0.8192179203033447
1171;200;0.6145758628845215
1172;200;1.1561131477355957
1173;200;1.7109529972076416
1174;200;0.8191001415252686
1175;200;3.2768499851226807
1176;200;1.1266460418701172
1177;200;2.2524569034576416
1178;200;0.7172129154205322
1179;200;1.0239512920379639
1180;200;0.753852128982544
1181;200;1.0889830589294434
1182;200;2.0480990409851074
1183;200;0.6356759071350098
1184;200;1.4786419868469238
1185;200;0.6505498886108398
1186;200;1.0236289501190186
1187;200;2.560068130493164
1188;200;0.7168769836425781
1189;200;1.2286100387573242
1190;200;0.8192160129547119
1191;200;0.7175581455230713
1192;200;1.023184061050415
1193;200;1.0240881443023682
1194;200;1.0237979888916016
1195;200;1.12652587890625
1196;200;1.1264610290527344
1197;200;0.9215810298919678
1198;200;0.9280588626861572
1199;200;1.5046429634094238
1200;200;0.34395503997802734
1201;200;1.0119402408599854
1202;200;1.1307158470153809
1203;200;1.1220650672912598
1204;200;0.7167479991912842
1205;200;1.1263659000396729
1206;200;1.1264467239379883
1207;200;0.9214999675750732
1208;200;1.1265578269958496
1209;200;0.8179037570953369
1210;200;1.0251319408416748
1211;200;1.024022102355957
1212;200;1.023921012878418
1213;200;1.02752685546875
1214;200;0.9845077991485596
1215;200;2.800690174102783
1216;200;0.731896162033081
1217;200;1.6235570907592773
1218;200;0.9214279651641846
1219;200;0.8191120624542236
1220;200;1.4343271255493164
1221;200;1.1257622241973877
1222;200;1.0240368843078613
1223;200;0.7167270183563232
1224;200;0.9222493171691895
1225;200;0.9207439422607422
1226;200;2.048212766647339
1227;200;1.0589368343353271
1228;200;1.747605800628662
1229;200;0.5725069046020508
1230;200;1.4818999767303467
1231;200;0.9754772186279297
1232;200;1.1272547245025635
1233;200;2.149790048599243
1234;200;0.40199971199035645
1235;200;1.33919095993042
1236;200;1.9608910083770752
1237;200;0.7009410858154297
1238;200;1.331953763961792
1239;200;0.6135878562927246
1240;200;1.4330182075500488
1241;200;2.4368700981140137
1242;200;0.33428525924682617
1243;200;1.3261590003967285
1244;200;0.8178191184997559
1245;200;1.027440071105957
1246;200;1.0200908184051514
1247;200;1.0249030590057373
1248;200;0.38837194442749023
1249;200;0.7380027770996094
1250;200;0.6145098209381104
1251;200;0.33166074752807617
1252;200;0.8970038890838623
1253;200;1.1264667510986328
1254;200;0.8190441131591797
1255;200;0.6145861148834229
1256;200;0.5117030143737793
1257;200;1.571681022644043
1258;200;4.534624814987183
1259;200;0.3772881031036377
1260;200;1.299454927444458
1261;200;0.614063024520874
1262;200;1.6377830505371094
1263;200;0.5122518539428711
1264;200;1.3325259685516357
1265;200;0.7151999473571777
1266;200;1.3334367275238037
1267;200;0.6126329898834229
1268;200;1.7404370307922363
1269;200;1.537243127822876
1270;200;1.8422400951385498
1271;200;0.512432336807251
1272;200;2.2647931575775146
1273;200;2.003056287765503
1274;200;2.7970471382141113
1275;200;0.6143989562988281
1276;200;7.167565822601318
1277;200;1.947047233581543
1278;200;0.6143689155578613
1279;200;1.4329700469970703
1280;200;0.386322021484375
1281;200;1.456428050994873
1282;200;0.3274972438812256
1283;200;1.7205030918121338
1284;200;0.3534409999847412
1285;200;0.7728457450866699
1286;200;0.37193965911865234
1287;200;0.35502076148986816
1288;200;0.39662599563598633
1289;200;0.8219718933105469
1290;200;0.34839296340942383
1291;200;0.8808548450469971
1292;200;0.3656005859375
1293;200;0.3701939582824707
1294;200;1.106719970703125
1295;200;0.6991779804229736
1296;200;1.4456257820129395
1297;200;0.3894009590148926
1298;200;0.38063502311706543
1299;200;1.8981661796569824
1300;200;1.0236690044403076
1301;200;0.3382272720336914
1302;200;0.686164140701294
1303;200;0.3593480587005615
1304;200;0.7667419910430908
1305;200;0.3487701416015625
1306;200;0.3098490238189697
1307;200;0.33644628524780273
1308;200;0.7455129623413086
1309;200;0.34403014183044434
1310;200;0.6477870941162109
1311;200;0.39432501792907715
1312;200;0.7641818523406982
1313;200;0.5128622055053711
1314;200;0.35776185989379883
1315;200;0.356781005859375
1316;200;1.3648948669433594
1317;200;0.33243393898010254
1318;200;0.37274169921875
1319;200;0.7984921932220459
1320;200;0.8666560649871826
1321;200;1.6932919025421143
1322;200;0.3821430206298828
1323;200;0.641746997833252
1324;200;0.3657238483428955
1325;200;0.6583459377288818
1326;200;0.4131908416748047
1327;200;0.6104848384857178
1328;200;0.41088294982910156
1329;200;0.7161142826080322
1330;200;1.0243308544158936
1331;200;0.613847017288208
1332;200;0.33185410499572754
1333;200;0.4873008728027344
1334;200;0.8195998668670654
1335;200;0.511256217956543
1336;200;0.6143312454223633
1337;200;0.8191850185394287
1338;200;1.024967908859253
1339;200;0.42427897453308105
1340;200;0.39465904235839844
1341;200;0.38334107398986816
1342;200;0.7421090602874756
1343;200;0.6145882606506348
1344;200;0.3569931983947754
1345;200;0.3834648132324219
1346;200;1.196408987045288
1347;200;1.0411829948425293
1348;200;0.392833948135376
1349;200;1.0321018695831299
1350;200;1.024036169052124
1351;200;0.4010500907897949
1352;200;0.3590388298034668
1353;200;0.46858692169189453
1354;200;0.7167789936065674
1355;200;0.4097318649291992
1356;200;0.35152602195739746
1357;200;0.36081600189208984
1358;200;0.7211129665374756
1359;200;0.5121669769287109
1360;200;1.1261141300201416
1361;200;0.5119452476501465
1362;200;0.6158969402313232
1363;200;0.46416282653808594
1364;200;0.6036472320556641
1365;200;0.5689218044281006
1366;200;0.7168262004852295
1367;200;1.2302672863006592
1368;200;0.5104568004608154
1369;200;0.3479580879211426
1370;200;1.0570900440216064
1371;200;1.1167490482330322
1372;200;0.6530299186706543
1373;200;1.3331358432769775
1374;200;2.044687032699585
1375;200;0.6147541999816895
1376;200;1.1270978450775146
1377;200;1.9454238414764404
1378;200;1.0241451263427734
1379;200;1.1270220279693604
1380;200;0.7159709930419922
1381;200;1.126250982284546
1382;200;1.2301537990570068
1383;200;0.716109037399292
1384;200;1.024982213973999
1385;200;1.6367402076721191
1386;200;0.5119528770446777
1387;200;0.92171311378479
1388;200;1.2302157878875732
1389;200;0.7152070999145508
1390;200;1.0244438648223877
1391;200;0.4034597873687744
1392;200;0.722614049911499
1393;200;0.34026074409484863
1394;200;0.47919392585754395
1395;200;0.5114190578460693
1396;200;0.3860359191894531
1397;200;0.5360281467437744
1398;200;0.7166910171508789
1399;200;0.5116479396820068
1400;200;0.4082202911376953
1401;200;0.7181210517883301
1402;200;0.5129752159118652
1403;200;0.7158498764038086
1404;200;1.0239660739898682
1405;200;0.40114712715148926
1406;200;0.8285439014434814
1407;200;0.920569896697998
1408;200;0.5386159420013428
1409;200;0.8445169925689697
1410;200;0.3393101692199707
1411;200;0.5305721759796143
1412;200;0.39661407470703125
1413;200;0.3403909206390381
1414;200;0.6995689868927002
1415;200;0.3632524013519287
1416;200;0.7597088813781738
1417;200;0.3524341583251953
1418;200;0.7740578651428223
1419;200;0.9211452007293701
1420;200;0.7217631340026855
1421;200;2.0433542728424072
1422;200;0.5481979846954346
1423;200;1.7046751976013184
1424;200;1.2292721271514893
1425;200;0.8186612129211426
1426;200;1.2836449146270752
1427;200;1.4913609027862549
1428;200;1.0137450695037842
1429;200;0.6144068241119385
1430;200;1.5358939170837402
1431;200;1.3325879573822021
1432;200;0.7153081893920898
1433;200;1.12638521194458
1434;200;0.716815710067749
1435;200;1.1263916492462158
1436;200;1.229745864868164
1437;200;0.8185091018676758
1438;200;0.8187820911407471
1439;200;0.6144859790802002
1440;200;0.7168698310852051
1441;200;0.81892991065979
1442;200;0.5120639801025391
1443;200;0.6144609451293945
1444;200;0.6241910457611084
1445;200;1.017441987991333
1446;200;1.6351289749145508
1447;200;1.9455699920654297
1448;200;0.6143419742584229
1449;200;1.3321099281311035
1450;200;2.047179937362671
1451;200;0.8191392421722412
1452;200;1.0286200046539307
1453;200;2.0820999145507812
1454;200;1.292659044265747
1455;200;1.7405381202697754
1456;200;1.0237901210784912
1457;200;2.355565071105957
1458;200;1.023716926574707
1459;200;2.544138193130493
1460;200;4.843088865280151
1461;200;3.160109281539917
1462;200;2.0479331016540527
1463;200;4.812861919403076
1464;200;1.0242280960083008
1465;200;6.963385105133057
1466;200;10.959452867507935
1467;200;1.533057689666748
1468;200;10.752005815505981
1469;200;8.499521017074585
1470;200;1.1261649131774902
1471;200;3.075446844100952
1472;200;0.5715267658233643
1473;200;1.882401943206787
1474;200;1.9459850788116455
1475;200;0.614171028137207
1476;200;1.023949146270752
1477;200;1.0427839756011963
1478;200;1.0216729640960693
1479;200;1.3166520595550537
1480;200;1.0223898887634277
1481;200;0.5116410255432129
1482;200;2.0854671001434326
1483;200;0.8841140270233154
1484;200;2.252995014190674
1485;200;1.8430159091949463
1486;200;2.2528250217437744
1487;200;2.874750852584839
1488;200;2.0404539108276367
1489;200;2.866724967956543
1490;200;2.2533278465270996
1491;200;1.9453701972961426
1492;200;1.9457569122314453
1493;200;1.9456040859222412
1494;200;2.170490026473999
1495;200;2.3351809978485107
1496;200;1.333082914352417
1497;200;2.967545747756958
1498;200;2.3553121089935303
1499;200;1.4337058067321777
1500;200;1.5357639789581299
1501;200;3.174536943435669
1502;200;0.6144618988037109
1503;200;1.8904106616973877
1504;200;1.1288368701934814
1505;200;1.9653010368347168
1506;200;0.9543721675872803
1507;200;2.2529520988464355
1508;200;2.0480167865753174
1509;200;1.7406790256500244
1510;200;2.0480377674102783
1511;200;1.6389248371124268
1512;200;1.048919916152954
1513;200;2.329617977142334
1514;200;1.0240328311920166
1515;200;3.1745779514312744
1516;200;2.28983998298645
1517;200;1.299393892288208
1518;200;3.0655007362365723
1519;200;3.0012662410736084
1520;200;1.8125131130218506
1521;200;7.373059272766113
1522;200;3.993645191192627
1523;200;0.818925142288208
1524;200;2.155941963195801
1525;200;0.9919788837432861
1526;200;1.0505657196044922
1527;200;0.8192861080169678
1528;200;1.2288239002227783
1529;200;1.1260530948638916
1530;200;1.306868076324463
1531;200;0.6908259391784668
1532;200;1.791273832321167
1533;200;0.8177268505096436
1534;200;1.334130048751831
1535;200;0.7152581214904785
1536;200;2.0479302406311035
1537;200;0.8191590309143066
1538;200;2.049556016921997
1539;200;1.3317413330078125
1540;200;1.7386610507965088
1541;200;1.3340518474578857
1542;200;1.6403348445892334
1543;200;1.1212718486785889
1544;200;1.7411117553710938
1545;200;0.5159690380096436
1546;200;1.790170669555664
1547;200;0.4584791660308838
1548;200;1.3815500736236572
1549;200;2.184882879257202
1550;200;0.8927252292633057
1551;200;1.172659158706665
1552;200;0.8194470405578613
1553;200;0.819087028503418
1554;200;1.126317024230957
1555;200;1.2290980815887451
1556;200;0.9216132164001465
1557;200;0.8191821575164795
1558;200;1.126188039779663
1559;200;0.7166690826416016
1560;200;1.1262588500976562
1561;200;1.126662015914917
1562;200;0.9213118553161621
1563;200;1.1266429424285889
1564;200;0.7170250415802002
1565;200;1.184952735900879
1566;200;1.1586401462554932
1567;200;1.240583896636963
1568;200;0.6136648654937744
1569;200;0.818295955657959
1570;200;1.6373639106750488
1571;200;1.2307178974151611
1572;200;0.8193860054016113
1573;200;1.638514757156372
1574;200;1.8430259227752686
1575;200;1.1265289783477783
1576;200;2.969622850418091
1577;200;0.8228142261505127
1578;200;3.3756067752838135
1579;200;0.6776430606842041
1580;200;2.0870299339294434
1581;200;0.8190567493438721
1582;200;1.3332438468933105
1583;200;0.8173089027404785
1584;200;0.8284690380096436
1585;200;1.2196009159088135
1586;200;0.7176308631896973
1587;200;1.2276978492736816
1588;200;0.703545093536377
1589;200;1.4467988014221191
1590;200;0.6070737838745117
1591;200;1.3498358726501465
1592;200;0.7053420543670654
1593;200;0.9910190105438232
1594;200;1.0569672584533691
1595;200;1.2290501594543457
1596;200;0.7168638706207275
1597;200;1.0237460136413574
1598;200;1.1263740062713623
1599;200;1.0443570613861084
1600;200;0.7018229961395264
1601;200;1.121035099029541
1602;200;1.433406114578247
1603;200;1.0781466960906982
1604;200;0.8675436973571777
1605;200;0.9216268062591553
1606;200;0.9261400699615479
1607;200;1.428976058959961
1608;200;1.4335479736328125
1609;200;1.3307158946990967
1610;200;1.8437201976776123
1611;200;1.1263070106506348
1612;200;1.7409610748291016
1613;200;1.945505142211914
1614;200;1.9454288482666016
1615;200;1.126331090927124
1616;200;2.6731300354003906
1617;200;1.5255792140960693
1618;200;1.7406132221221924
1619;200;1.3342089653015137
1620;200;1.123410940170288
1621;200;0.5126628875732422
1622;200;1.0235230922698975
1623;200;1.1260390281677246
1624;200;0.8234732151031494
1625;200;2.1468889713287354
1626;200;1.1255221366882324
1627;200;1.945556879043579
1628;200;1.4177258014678955
1629;200;1.348536729812622
1630;200;1.1248588562011719
1631;200;2.0483100414276123
1632;200;2.0482397079467773
1633;200;0.716987133026123
1634;200;1.9448790550231934
1635;200;1.1263389587402344
1636;200;1.9445528984069824
1637;200;0.34124302864074707
1638;200;1.6058158874511719
1639;200;0.7325611114501953
1640;200;1.8272547721862793
1641;200;0.3357257843017578
1642;200;1.4144618511199951
1643;200;0.912102222442627
1644;200;1.1268978118896484
1645;200;0.7169430255889893
1646;200;1.0238981246948242
1647;200;1.1271729469299316
1648;200;1.0236399173736572
1649;200;1.0225450992584229
1650;200;1.024158000946045
1651;200;0.921515941619873
1652;200;0.8191919326782227
1653;200;1.127147912979126
1654;200;2.354206085205078
1655;200;1.7413551807403564
1656;200;0.8228821754455566
1657;200;3.4779810905456543
1658;200;0.9212079048156738
1659;200;0.7170989513397217
1660;200;1.3321871757507324
1661;200;1.841973066329956
1662;200;0.9215021133422852
1663;200;3.9628920555114746
1664;200;1.1820600032806396
1665;200;3.9689748287200928
1666;200;3.9933676719665527
1667;200;0.3700590133666992
1668;200;2.2921969890594482
1669;200;0.6143796443939209
1670;200;1.4336168766021729
1671;200;0.921921968460083
1672;200;1.645928144454956
1673;200;2.3483870029449463
1674;200;0.3834528923034668
1675;200;2.6910409927368164
1676;200;0.6107759475708008
1677;200;3.174828052520752
1678;200;0.5114490985870361
1679;200;1.7564501762390137
1680;200;1.2130889892578125
1681;200;1.9457509517669678
1682;200;2.1237339973449707
1683;200;0.7435941696166992
1684;200;2.1502153873443604
1685;200;1.9500279426574707
1686;200;2.1473309993743896
1687;200;2.046767234802246
1688;200;2.3550829887390137
1689;200;1.4335658550262451
1690;200;3.017995834350586
1691;200;1.0039873123168945
1692;200;3.9660868644714355
1693;200;2.047183036804199
1694;200;2.150377035140991
1695;200;2.359795331954956
1696;200;1.7370131015777588
1697;200;1.8742122650146484
1698;200;2.3233730792999268
1699;200;1.5358777046203613
1700;200;2.048811912536621
1701;200;1.7400150299072266
1702;200;2.150193214416504
1703;200;1.9460148811340332
1704;200;1.1261680126190186
1705;200;2.0481321811676025
1706;200;1.6326258182525635
1707;200;0.9095287322998047
1708;200;0.3753197193145752
1709;200;1.9976439476013184
1710;200;0.8195381164550781
1711;200;1.2283267974853516
1712;200;1.0238940715789795
1713;200;0.7167389392852783
1714;200;1.1267640590667725
1715;200;1.1261210441589355
1716;200;0.8195171356201172
1717;200;1.5356619358062744
1718;200;0.6144781112670898
1719;200;1.4335081577301025
1720;200;2.0843210220336914
1721;200;1.1924479007720947
1722;200;0.3964369297027588
1723;200;3.1974477767944336
1724;200;1.814605951309204
1725;200;0.8640360832214355
1726;200;2.2267298698425293
1727;200;0.9213752746582031
1728;200;1.8435719013214111
1729;200;1.4328949451446533
1730;200;0.7179419994354248
1731;200;4.095516204833984
1732;200;0.8189899921417236
1733;200;2.0479869842529297
1734;200;2.9697651863098145
1735;200;0.921471118927002
1736;200;2.1503047943115234
1737;200;1.0240037441253662
1738;200;2.9569878578186035
1739;200;1.1817240715026855
1740;200;1.6983518600463867
1741;200;1.1261301040649414
1742;200;1.844209909439087
1743;200;1.0234839916229248
1744;200;1.125877857208252
1745;200;1.023867130279541
1746;200;0.9214541912078857
1747;200;0.8194518089294434
1748;200;1.9219310283660889
1749;200;1.1498708724975586
1750;200;2.0519230365753174
1751;200;0.9371252059936523
1752;200;1.1070611476898193
1753;200;0.9218490123748779
1754;200;1.433824062347412
1755;200;1.535459041595459
1756;200;1.3320608139038086
1757;200;1.842973232269287
1758;200;0.9209856986999512
1759;200;1.8432438373565674
1760;200;1.0239460468292236
1761;200;1.945659875869751
1762;200;1.1282858848571777
1763;200;2.2506539821624756
1764;200;0.6146528720855713
1765;200;1.2336351871490479
1766;200;1.7357940673828125
1767;200;1.1265769004821777
1768;200;1.126128911972046
1769;200;1.0238900184631348
1770;200;1.0239849090576172
1771;200;0.921619176864624
1772;200;0.7157909870147705
1773;200;1.1275629997253418
1774;200;1.1264607906341553
1775;200;1.1261370182037354
1776;200;1.7664811611175537
1777;200;2.1247670650482178
1778;200;2.0479111671447754
1779;200;2.9708149433135986
1780;200;0.6135880947113037
1781;200;2.457421064376831
1782;200;2.9693517684936523
1783;200;0.8193750381469727
1784;200;2.2752749919891357
1785;200;0.5917019844055176
1786;200;1.0240190029144287
1787;200;1.945587158203125
1788;200;0.61431884765625
1789;200;1.8433611392974854
1790;200;0.5117678642272949
1791;200;1.0283029079437256
1792;200;2.555967330932617
1793;200;0.7166459560394287
1794;200;0.9215543270111084
1795;200;2.4485299587249756
1796;200;2.0741069316864014
1797;200;0.3852100372314453
1798;200;1.0312128067016602
1799;200;1.0240390300750732
1800;200;1.0240211486816406
1801;200;1.0239088535308838
1802;200;1.0240249633789062
1803;200;1.029129981994629
1804;200;0.7340900897979736
1805;200;1.1040599346160889
1806;200;1.023818016052246
1807;200;1.0243349075317383
1808;200;1.1260559558868408
1809;200;0.9215638637542725
1810;200;0.6149311065673828
1811;200;1.4668822288513184
1812;200;0.7363340854644775
1813;200;0.8683698177337646
1814;200;1.5360291004180908
1815;200;1.8430159091949463
1816;200;0.6143093109130859
1817;200;1.433584213256836
1818;200;2.3553521633148193
1819;200;0.6142559051513672
1820;200;1.333193063735962
1821;200;0.5101108551025391
1822;200;1.2294702529907227
1823;200;0.8182809352874756
1824;200;1.1264729499816895
1825;200;0.8018050193786621
1826;200;1.3488578796386719
1827;200;0.9211630821228027
1828;200;1.024043083190918
1829;200;1.1263649463653564
1830;200;0.9209530353546143
1831;200;0.9271647930145264
1832;200;0.9170122146606445
1833;200;2.0477490425109863
1834;200;0.7166538238525391
1835;200;1.1264328956604004
1836;200;1.0246078968048096
1837;200;1.2281317710876465
1838;200;0.8192119598388672
1839;200;1.0230190753936768
1840;200;1.0479459762573242
1841;200;2.639359951019287
1842;200;0.716681957244873
1843;200;1.74088716506958
1844;200;1.74082612991333
1845;200;0.5107550621032715
1846;200;1.2714860439300537
1847;200;0.3601717948913574
1848;200;2.055814027786255
1849;200;1.0241100788116455
1850;200;1.229659080505371
1851;200;0.7156269550323486
1852;200;0.9215939044952393
1853;200;2.182685136795044
1854;200;0.8900339603424072
1855;200;1.7400469779968262
1856;200;1.2289750576019287
1857;200;2.150315999984741
1858;200;0.8190650939941406
1859;200;3.993726968765259
1860;200;1.0238909721374512
1861;200;2.979830026626587
1862;200;3.9835519790649414
1863;200;0.6141870021820068
1864;200;3.379768133163452
1865;200;0.8186218738555908
1866;200;3.481600046157837
1867;200;2.8672919273376465
1868;200;2.2526960372924805
1869;200;0.3938722610473633
1870;200;3.190483808517456
1871;200;1.1260120868682861
1872;200;2.867292881011963
1873;200;1.1264598369598389
1874;200;2.867115020751953
1875;200;1.228733777999878
1876;200;1.6983041763305664
1877;200;1.9881629943847656
1878;200;1.12630295753479
1879;200;1.9457311630249023
1880;200;1.3311409950256348
1881;200;1.0239408016204834
1882;200;0.9216310977935791
1883;200;0.8190732002258301
1884;200;0.9214940071105957
1885;200;2.1505072116851807
1886;200;0.8193280696868896
1887;200;1.945469856262207
1888;200;1.0334148406982422
1889;200;1.2282776832580566
1890;200;0.8102388381958008
1891;200;1.3308169841766357
1892;200;0.7173199653625488
1893;200;0.9218349456787109
1894;200;1.228459119796753
1895;200;0.9214892387390137
1896;200;0.8191859722137451
1897;200;1.023949146270752
1898;200;1.228801965713501
1899;200;0.9216270446777344
1900;200;1.3310999870300293
1901;200;0.5119261741638184
1902;200;1.2292389869689941
1903;200;0.9243218898773193
1904;200;1.0301549434661865
1905;200;2.038792848587036
1906;200;0.5124790668487549
1907;200;1.3307018280029297
1908;200;1.9456100463867188
1909;200;1.1263132095336914
1910;200;0.7167439460754395
1911;200;1.0242340564727783
1912;200;1.2284939289093018
1913;200;0.8192110061645508
1914;200;1.1258718967437744
1915;200;1.3316271305084229
1916;200;1.1264550685882568
1917;200;0.5120029449462891
1918;200;1.0271222591400146
1919;200;1.116529941558838
1920;200;0.9337329864501953
1921;200;0.8137180805206299
1922;200;1.0235261917114258
1923;200;1.126899003982544
1924;200;1.2287652492523193
1925;200;0.8191690444946289
1926;200;0.9619190692901611
1927;200;2.0077970027923584
1928;200;1.0238063335418701
1929;200;1.9456541538238525
1930;200;1.023874044418335
1931;200;1.1265180110931396
1932;200;0.710057258605957
1933;200;1.2379448413848877
1934;200;0.7137801647186279
1935;200;1.0247769355773926
1936;200;1.023651123046875
1937;200;1.0239579677581787
1938;200;1.0428471565246582
1939;200;0.4931447505950928
1940;200;0.34473276138305664
1941;200;0.3566563129425049
1942;200;0.7320640087127686
1943;200;0.3870551586151123
1944;200;0.7393741607666016
1945;200;0.3526740074157715
1946;200;0.7736577987670898
1947;200;0.39773988723754883
1948;200;0.34984612464904785
1949;200;0.47954487800598145
1950;200;0.7183728218078613
1951;200;1.0242199897766113
1952;200;0.7173349857330322
1953;200;0.6138651371002197
1954;200;0.4190499782562256
1955;200;1.0800929069519043
1956;200;1.6220881938934326
1957;200;0.6883721351623535
1958;200;0.8254969120025635
1959;200;0.814845085144043
1960;200;1.1033239364624023
1961;200;0.6143641471862793
1962;200;0.3759307861328125
1963;200;1.1609439849853516
1964;200;0.41843605041503906
1965;200;0.5084710121154785
1966;200;0.4444572925567627
1967;200;0.34300923347473145
1968;200;0.43493199348449707
1969;200;0.7987420558929443
1970;200;0.7121472358703613
1971;200;0.843940019607544
1972;200;1.4339370727539062
1973;200;0.7167952060699463
1974;200;0.37665319442749023
1975;200;0.7496299743652344
1976;200;0.39670705795288086
1977;200;2.2116761207580566
1978;200;0.3344118595123291
1979;200;0.4123530387878418
1980;200;0.8432071208953857
1981;200;0.6142678260803223
1982;200;0.6143641471862793
1983;200;0.8194682598114014
1984;200;0.7164149284362793
1985;200;1.0241682529449463
1986;200;1.0250589847564697
1987;200;1.0232570171356201
1988;200;1.0235819816589355
1989;200;1.1264798641204834
1990;200;0.8192310333251953
1991;200;0.3509378433227539
1992;200;0.6729159355163574
1993;200;0.3399357795715332
1994;200;0.6976969242095947
1995;200;0.401547908782959
1996;200;0.7111098766326904
1997;200;1.1829922199249268
1998;200;1.870136022567749
1999;200;0.38129591941833496
2000;200;0.35442209243774414
2001;200;0.3851907253265381
2002;200;0.7410590648651123
2003;200;0.32402610778808594
2004;200;0.6998720169067383
2005;200;0.3225231170654297
2006;200;0.7014660835266113
2007;200;0.35049891471862793
2008;200;0.6734700202941895
2009;200;0.34200286865234375
2010;200;0.3313560485839844
2011;200;0.3457920551300049
2012;200;0.7218129634857178
2013;200;0.33608508110046387
2014;200;0.6687700748443604
2015;200;0.36597299575805664
2016;200;0.7791221141815186
2017;200;0.512037992477417
2018;200;0.32434606552124023
2019;200;0.33711886405944824
2020;200;0.7721741199493408
2021;200;0.3594520092010498
2022;200;0.7667908668518066
2023;200;0.3433361053466797
2024;200;1.04640793800354
2025;200;1.2925832271575928
2026;200;1.002915859222412
2027;200;0.513253927230835
2028;200;0.7166261672973633
2029;200;1.1263189315795898
2030;200;0.39110279083251953
2031;200;0.41026902198791504
2032;200;0.5298302173614502
2033;200;0.39549803733825684
2034;200;0.3444960117340088
2035;200;0.7960069179534912
2036;200;0.41773176193237305
2037;200;0.7084567546844482
2038;200;0.3638908863067627
2039;200;0.3139922618865967
2040;200;0.3536241054534912
2041;200;0.7092039585113525
2042;200;0.31401586532592773
2043;200;0.7100069522857666
2044;200;0.35714292526245117
2045;200;0.7693181037902832
2046;200;0.5118489265441895
2047;200;0.5119249820709229
2048;200;0.6143977642059326
2049;200;0.3785269260406494
2050;200;0.6455731391906738
2051;200;0.40012121200561523
2052;200;0.8339362144470215
2053;200;1.0390751361846924
2054;200;0.9033041000366211
2055;200;1.0219190120697021
2056;200;1.0237631797790527
2057;200;0.819246768951416
2058;200;0.5118899345397949
2059;200;0.8195462226867676
2060;200;1.1261179447174072
2061;200;0.9214949607849121
2062;200;0.7168369293212891
2063;200;1.1264011859893799
2064;200;2.1493849754333496
2065;200;0.4082920551300049
2066;200;1.3333790302276611
2067;200;0.35573697090148926
2068;200;1.701956033706665
2069;200;2.6519250869750977
2070;200;0.5128755569458008
2071;200;1.0238070487976074
2072;200;1.3316969871520996
2073;200;0.7163560390472412
2074;200;0.7354800701141357
2075;200;1.0053129196166992
2076;200;0.9215068817138672
2077;200;1.4336848258972168
2078;200;0.7168529033660889
2079;200;1.0239808559417725
2080;200;1.0238730907440186
2081;200;1.0239691734313965
2082;200;0.39927029609680176
2083;200;0.6246988773345947
2084;200;0.3332648277282715
2085;200;0.9402873516082764
2086;200;1.2275631427764893
2087;200;0.3571000099182129
2088;200;0.5208938121795654
2089;200;0.7168252468109131
2090;200;0.5115671157836914
2091;200;0.4018700122833252
2092;200;0.6223268508911133
2093;200;0.37054896354675293
2094;200;0.37346315383911133
2095;200;0.6908209323883057
2096;200;0.3320598602294922
2097;200;0.356456995010376
2098;200;0.5190918445587158
2099;200;0.7366371154785156
2100;200;0.3966801166534424
2101;200;0.3842959403991699
2102;200;0.3947880268096924
2103;200;0.7699160575866699
2104;200;0.5121128559112549
2105;200;0.3492250442504883
2106;200;0.4695587158203125
2107;200;0.7959578037261963
2108;200;0.5352158546447754
2109;200;0.3519022464752197
2110;200;0.38268494606018066
2111;200;0.8043229579925537
2112;200;0.6114370822906494
2113;200;0.6234569549560547
2114;200;3.6937031745910645
2115;200;0.4162421226501465
2116;200;0.37700915336608887
2117;200;0.6245288848876953
2118;200;0.39835381507873535
2119;200;0.6248629093170166
2120;200;0.4049100875854492
2121;200;0.5166540145874023
2122;200;0.4192938804626465
2123;200;0.7072899341583252
2124;200;0.5161230564117432
2125;200;0.38221192359924316
2126;200;0.38995885848999023
2127;200;0.6569321155548096
2128;200;0.6143109798431396
2129;200;1.1264798641204834
2130;200;0.6144559383392334
2131;200;1.1264700889587402
2132;200;2.0479679107666016
2133;200;0.5435492992401123
2134;200;1.3956820964813232
2135;200;0.6008429527282715
2136;200;1.4537968635559082
2137;200;1.433135986328125
2138;200;0.9217391014099121
2139;200;1.1262848377227783
2140;200;0.400907039642334
2141;200;1.032632827758789
2142;200;1.0243918895721436
2143;200;1.1265358924865723
2144;200;0.7161617279052734
2145;200;1.0240757465362549
2146;200;1.1263809204101562
2147;200;0.9215788841247559
2148;200;1.0239689350128174
2149;200;1.0442888736724854
2150;200;2.5398778915405273
2151;200;0.3633730411529541
2152;200;1.172370195388794
2153;200;1.0239648818969727
2154;200;0.5119709968566895
2155;200;0.34618377685546875
2156;200;0.47302985191345215
2157;200;0.7166979312896729
2158;200;0.37190985679626465
2159;200;0.3099830150604248
2160;200;0.37543177604675293
2161;200;0.7857880592346191
2162;200;0.6143319606781006
2163;200;0.5138261318206787
2164;200;0.9195089340209961
2165;200;0.8195207118988037
2166;200;1.023878812789917
2167;200;2.252732992172241
2168;200;1.181217908859253
2169;200;1.1741137504577637
2170;200;0.30273008346557617
2171;200;1.3374931812286377
2172;200;0.7148888111114502
2173;200;1.0239129066467285
2174;200;1.0229158401489258
2175;200;1.024986982345581
2176;200;1.0240261554718018
2177;200;1.0226471424102783
2178;200;1.235328197479248
2179;200;0.5069320201873779
2180;200;0.5117921829223633
2181;200;0.7168319225311279
2182;200;1.126312017440796
2183;200;0.7168018817901611
2184;200;0.35726380348205566
2185;200;0.871392011642456
2186;200;1.1204078197479248
2187;200;1.1742820739746094
2188;200;0.8799402713775635
2189;200;0.7167150974273682
2190;200;1.126126766204834
2191;200;1.126314640045166
2192;200;0.8194141387939453
2193;200;1.1263339519500732
2194;200;0.9215710163116455
2195;200;1.1270101070404053
2196;200;0.8187589645385742
2197;200;1.023939847946167
2198;200;1.0238778591156006
2199;200;1.0241620540618896
2200;200;1.1262571811676025
2201;200;0.9215259552001953
2202;200;1.322789192199707
2203;200;1.2359471321105957
2204;200;0.3847229480743408
2205;200;1.9716410636901855
2206;200;1.023928165435791
2207;200;1.0241460800170898
2208;200;1.023879051208496
2209;200;1.2294578552246094
2210;200;0.6136560440063477
2211;200;0.6143319606781006
2212;200;0.5119760036468506
2213;200;1.0239360332489014
2214;200;0.7168252468109131
2215;200;0.5120940208435059
2216;200;0.8189921379089355
2217;200;0.8192901611328125
2218;200;1.8836848735809326
2219;200;1.905015230178833
2220;200;0.3489353656768799
2221;200;1.1872761249542236
2222;200;0.7172439098358154
2223;200;1.023533821105957
2224;200;1.1261510848999023
2225;200;0.799360990524292
2226;200;1.0438232421875
2227;200;1.1265580654144287
2228;200;0.8190181255340576
2229;200;0.9546000957489014
2230;200;0.991008996963501
2231;200;1.02425217628479
2232;200;1.2294962406158447
2233;200;0.8182220458984375
2234;200;1.3411610126495361
2235;200;1.0054028034210205
2236;200;0.725445032119751
2237;200;1.023850917816162
2238;200;0.9901940822601318
2239;200;1.057729959487915
2240;200;1.0254459381103516
2241;200;0.7157752513885498
2242;200;1.433166742324829
2243;200;0.5119729042053223
2244;200;0.35400915145874023
2245;200;0.8747053146362305
2246;200;1.024001121520996
2247;200;0.7169027328491211
2248;200;0.3967752456665039
2249;200;1.9583799839019775
2250;200;0.9237518310546875
2251;200;1.1663708686828613
2252;200;1.493910789489746
2253;200;0.40096092224121094
2254;200;0.6228299140930176
2255;200;2.6678991317749023
2256;200;1.2230329513549805
2257;200;0.6185839176177979
2258;200;0.9175758361816406
2259;200;0.8194010257720947
2260;200;1.3395588397979736
2261;200;0.7081201076507568
2262;200;1.1264431476593018
2263;200;0.7167737483978271
2264;200;1.1264381408691406
2265;200;1.1259050369262695
2266;200;2.1093900203704834
2267;200;0.9630179405212402
2268;200;2.4575939178466797
2269;200;1.3326869010925293
2270;200;1.227309226989746
2271;200;3.281818151473999
2272;200;0.6096789836883545
2273;200;2.3548200130462646
2274;200;3.499176025390625
2275;200;1.2112820148468018
2276;200;5.836961030960083
2277;200;3.174421787261963
2278;200;0.716580867767334
2279;200;1.1268231868743896
2280;200;1.0234949588775635
2281;200;1.024111032485962
2282;200;1.0280849933624268
2283;200;1.2244617938995361
2284;200;0.3806469440460205
2285;200;0.34323811531066895
2286;200;1.119527816772461
2287;200;0.7172558307647705
2288;200;0.5113778114318848
2289;200;0.7171502113342285
2290;200;0.5114498138427734
2291;200;0.32198119163513184
2292;200;0.4975900650024414
2293;200;0.7165110111236572
2294;200;0.4003310203552246
2295;200;0.3627891540527344
2296;200;0.332780122756958
2297;200;0.7473390102386475
2298;200;0.3245432376861572
2299;200;0.6994040012359619
2300;200;0.355273962020874
2301;200;0.6685760021209717
2302;200;0.5119409561157227
2303;200;0.3704979419708252
2304;200;0.6534390449523926
2305;200;0.4945390224456787
2306;200;0.7952160835266113
2307;200;0.86260986328125
2308;200;1.674678087234497
2309;200;1.1098809242248535
2310;200;0.39555788040161133
2311;200;1.0162451267242432
2312;200;0.5120058059692383
2313;200;0.7166781425476074
2314;200;0.5120279788970947
2315;200;0.31997108459472656
2316;200;0.39738988876342773
2317;200;0.7161400318145752
2318;200;0.408750057220459
2319;200;0.35816407203674316
2320;200;0.34996509552001953
2321;200;0.6615707874298096
2322;200;0.9863040447235107
2323;200;0.7170789241790771
2324;200;0.3566291332244873
2325;200;1.1790809631347656
2326;200;0.7167210578918457
2327;200;0.7173280715942383
2328;200;0.7162177562713623
2329;200;0.8191249370574951
2330;200;0.7168128490447998
2331;200;1.3339478969573975
2332;200;1.8585216999053955
2333;200;0.32049989700317383
2334;200;1.7093758583068848
2335;200;0.6143941879272461
2336;200;1.4334819316864014
2337;200;0.9216911792755127
2338;200;1.024029016494751
2339;200;1.0239801406860352
2340;200;1.026130199432373
2341;200;1.0218629837036133
2342;200;1.023848295211792
2343;200;1.332787036895752
2344;200;0.7150790691375732
2345;200;0.8192899227142334
2346;200;1.0554301738739014
2347;200;1.5735480785369873
2348;200;0.3649132251739502
2349;200;0.6924622058868408
2350;200;0.3712270259857178
2351;200;0.415067195892334
2352;200;0.6472659111022949
2353;200;0.5111908912658691
2354;200;0.5126140117645264
2355;200;0.6144959926605225
2356;200;0.36798691749572754
2357;200;0.6559879779815674
2358;200;0.34673500061035156
2359;200;1.2924180030822754
2360;200;0.8197970390319824
2361;200;0.34012603759765625
2362;200;0.3446793556213379
2363;200;0.3300180435180664
2364;200;0.7277708053588867
2365;200;0.3852241039276123
2366;200;0.7421798706054688
2367;200;0.39150190353393555
2368;200;0.3453519344329834
2369;200;0.9029881954193115
2370;200;0.41339540481567383
2371;200;0.5090010166168213
2372;200;0.36605000495910645
2373;200;0.5571320056915283
2374;200;2.706188201904297
2375;200;0.44071316719055176
2376;200;0.5413858890533447
2377;200;1.7012138366699219
2378;200;1.0652186870574951
2379;200;1.1270337104797363
2380;200;0.8195271492004395
2381;200;1.2308769226074219
2382;200;0.8180398941040039
2383;200;1.1268608570098877
2384;200;1.0243501663208008
2385;200;0.9220700263977051
